<?xml version="1.0" encoding="UTF-8"?>
<!-- Generated with glade 3.22.2 -->
<interface domain="gtkhash">
  <requires lib="gtk+" version="3.18"/>
  <object class="GtkListStore" id="dialog_liststore">
    <columns>
      <!-- column-name name -->
      <column type="gchararray"/>
    </columns>
    <data>
      <row>
        <col id="0" translatable="yes">Lowercase Hexadecimal</col>
      </row>
      <row>
        <col id="0" translatable="yes">Uppercase Hexadecimal</col>
      </row>
      <row>
        <col id="0">Base64</col>
      </row>
    </data>
  </object>
  <object class="GtkImage" id="image_copy">
    <property name="visible">True</property>
    <property name="can_focus">False</property>
    <property name="icon_name">edit-copy</property>
    <property name="icon_size">1</property>
  </object>
  <object class="GtkMenu" id="menu_treeview">
    <property name="visible">True</property>
    <property name="can_focus">False</property>
    <child>
      <object class="GtkImageMenuItem" id="menuitem_treeview_add">
        <property name="label">gtk-add</property>
        <property name="visible">True</property>
        <property name="can_focus">False</property>
        <property name="use_underline">True</property>
        <property name="use_stock">True</property>
        <property name="always_show_image">True</property>
      </object>
    </child>
    <child>
      <object class="GtkImageMenuItem" id="menuitem_treeview_remove">
        <property name="label">gtk-remove</property>
        <property name="visible">True</property>
        <property name="sensitive">False</property>
        <property name="can_focus">False</property>
        <property name="use_underline">True</property>
        <property name="use_stock">True</property>
        <property name="always_show_image">True</property>
      </object>
    </child>
    <child>
      <object class="GtkImageMenuItem" id="menuitem_treeview_clear">
        <property name="label">gtk-clear</property>
        <property name="visible">True</property>
        <property name="sensitive">False</property>
        <property name="can_focus">False</property>
        <property name="use_underline">True</property>
        <property name="use_stock">True</property>
        <property name="always_show_image">True</property>
      </object>
    </child>
    <child>
      <object class="GtkSeparatorMenuItem" id="menuitem_treeview_separator1">
        <property name="visible">True</property>
        <property name="can_focus">False</property>
      </object>
    </child>
    <child>
      <object class="GtkImageMenuItem" id="menuitem_treeview_copy">
        <property name="label" translatable="yes">Copy _Digest</property>
        <property name="visible">True</property>
        <property name="sensitive">False</property>
        <property name="can_focus">False</property>
        <property name="use_underline">True</property>
        <property name="image">image_copy</property>
        <property name="use_stock">False</property>
        <property name="always_show_image">True</property>
        <child type="submenu">
          <object class="GtkMenu" id="menu_treeview_copy">
            <property name="visible">True</property>
            <property name="can_focus">False</property>
          </object>
        </child>
      </object>
    </child>
    <child>
      <object class="GtkSeparatorMenuItem" id="menuitem_treeview_separator2">
        <property name="visible">True</property>
        <property name="can_focus">False</property>
      </object>
    </child>
    <child>
      <object class="GtkCheckMenuItem" id="menuitem_treeview_show_toolbar">
        <property name="visible">True</property>
        <property name="can_focus">False</property>
        <property name="label" translatable="yes">Show _Toolbar</property>
        <property name="use_underline">True</property>
      </object>
    </child>
  </object>
  <object class="GtkImage" id="image_execute">
    <property name="visible">True</property>
    <property name="can_focus">False</property>
    <property name="icon_name">system-run</property>
  </object>
  <object class="GtkImage" id="image_open">
    <property name="visible">True</property>
    <property name="can_focus">False</property>
    <property name="icon_name">document-open</property>
    <property name="icon_size">1</property>
  </object>
  <object class="GtkImage" id="image_save_as">
    <property name="visible">True</property>
    <property name="can_focus">False</property>
    <property name="icon_name">document-save-as</property>
    <property name="icon_size">1</property>
  </object>
  <object class="GtkWindow" id="window">
    <property name="can_focus">False</property>
    <property name="title">GtkHash</property>
    <property name="default_width">500</property>
    <property name="default_height">340</property>
    <property name="icon_name">org.gtkhash.gtkhash</property>
    <child type="titlebar">
      <placeholder/>
    </child>
    <child>
      <object class="GtkBox" id="vbox">
        <property name="visible">True</property>
        <property name="can_focus">False</property>
        <property name="orientation">vertical</property>
        <child>
          <object class="GtkMenuBar" id="menubar">
            <property name="visible">True</property>
            <property name="can_focus">False</property>
            <child>
              <object class="GtkMenuItem" id="menuitem_file">
                <property name="visible">True</property>
                <property name="can_focus">False</property>
                <property name="label" translatable="yes">_File</property>
                <property name="use_underline">True</property>
                <child type="submenu">
                  <object class="GtkMenu" id="menu_file">
                    <property name="visible">True</property>
                    <property name="can_focus">False</property>
                    <child>
                      <object class="GtkImageMenuItem" id="menuitem_open">
                        <property name="label" translatable="yes" context="menu">_Open Digest File…</property>
                        <property name="visible">True</property>
                        <property name="can_focus">False</property>
                        <property name="use_underline">True</property>
                        <property name="image">image_open</property>
                        <property name="use_stock">False</property>
                        <property name="always_show_image">True</property>
                      </object>
                    </child>
                    <child>
                      <object class="GtkImageMenuItem" id="menuitem_save_as">
                        <property name="label" translatable="yes" context="menu">_Save Digest File…</property>
                        <property name="visible">True</property>
                        <property name="sensitive">False</property>
                        <property name="can_focus">False</property>
                        <property name="use_underline">True</property>
                        <property name="image">image_save_as</property>
                        <property name="use_stock">False</property>
                        <property name="always_show_image">True</property>
                      </object>
                    </child>
                    <child>
                      <object class="GtkSeparatorMenuItem" id="separatormenuitem_file">
                        <property name="visible">True</property>
                        <property name="can_focus">False</property>
                      </object>
                    </child>
                    <child>
                      <object class="GtkImageMenuItem" id="menuitem_quit">
                        <property name="label">gtk-quit</property>
                        <property name="visible">True</property>
                        <property name="can_focus">False</property>
                        <property name="use_underline">True</property>
                        <property name="use_stock">True</property>
                        <property name="always_show_image">True</property>
                      </object>
                    </child>
                  </object>
                </child>
              </object>
            </child>
            <child>
              <object class="GtkMenuItem" id="menuitem_edit">
                <property name="visible">True</property>
                <property name="can_focus">False</property>
                <property name="label" translatable="yes">_Edit</property>
                <property name="use_underline">True</property>
                <child type="submenu">
                  <object class="GtkMenu" id="menu_edit">
                    <property name="visible">True</property>
                    <property name="can_focus">False</property>
                    <child>
                      <object class="GtkImageMenuItem" id="menuitem_cut">
                        <property name="label">gtk-cut</property>
                        <property name="visible">True</property>
                        <property name="can_focus">False</property>
                        <property name="use_underline">True</property>
                        <property name="use_stock">True</property>
                        <property name="always_show_image">True</property>
                      </object>
                    </child>
                    <child>
                      <object class="GtkImageMenuItem" id="menuitem_copy">
                        <property name="label">gtk-copy</property>
                        <property name="visible">True</property>
                        <property name="can_focus">False</property>
                        <property name="use_underline">True</property>
                        <property name="use_stock">True</property>
                        <property name="always_show_image">True</property>
                      </object>
                    </child>
                    <child>
                      <object class="GtkImageMenuItem" id="menuitem_paste">
                        <property name="label">gtk-paste</property>
                        <property name="visible">True</property>
                        <property name="can_focus">False</property>
                        <property name="use_underline">True</property>
                        <property name="use_stock">True</property>
                        <property name="always_show_image">True</property>
                      </object>
                    </child>
                    <child>
                      <object class="GtkImageMenuItem" id="menuitem_delete">
                        <property name="label">gtk-delete</property>
                        <property name="visible">True</property>
                        <property name="can_focus">False</property>
                        <property name="use_underline">True</property>
                        <property name="use_stock">True</property>
                        <property name="always_show_image">True</property>
                      </object>
                    </child>
                    <child>
                      <object class="GtkSeparatorMenuItem" id="separatormenuitem_edit1">
                        <property name="visible">True</property>
                        <property name="can_focus">False</property>
                      </object>
                    </child>
                    <child>
                      <object class="GtkImageMenuItem" id="menuitem_select_all">
                        <property name="label">gtk-select-all</property>
                        <property name="visible">True</property>
                        <property name="can_focus">False</property>
                        <property name="use_underline">True</property>
                        <property name="use_stock">True</property>
                        <property name="always_show_image">True</property>
                      </object>
                    </child>
                    <child>
                      <object class="GtkSeparatorMenuItem" id="separatormenuitem_edit2">
                        <property name="visible">True</property>
                        <property name="can_focus">False</property>
                      </object>
                    </child>
                    <child>
                      <object class="GtkImageMenuItem" id="menuitem_prefs">
                        <property name="label">gtk-preferences</property>
                        <property name="visible">True</property>
                        <property name="can_focus">False</property>
                        <property name="use_underline">True</property>
                        <property name="use_stock">True</property>
                        <property name="always_show_image">True</property>
                      </object>
                    </child>
                  </object>
                </child>
              </object>
            </child>
            <child>
              <object class="GtkMenuItem" id="menuitem_view">
                <property name="visible">True</property>
                <property name="can_focus">False</property>
                <property name="label" translatable="yes">_View</property>
                <property name="use_underline">True</property>
                <child type="submenu">
                  <object class="GtkMenu" id="menu_view">
                    <property name="visible">True</property>
                    <property name="can_focus">False</property>
                    <child>
                      <object class="GtkRadioMenuItem" id="radiomenuitem_file">
                        <property name="visible">True</property>
                        <property name="can_focus">False</property>
                        <property name="label" translatable="yes">_File</property>
                        <property name="use_underline">True</property>
                        <property name="active">True</property>
                        <property name="draw_as_radio">True</property>
                      </object>
                    </child>
                    <child>
                      <object class="GtkRadioMenuItem" id="radiomenuitem_text">
                        <property name="visible">True</property>
                        <property name="can_focus">False</property>
                        <property name="label" translatable="yes">_Text</property>
                        <property name="use_underline">True</property>
                        <property name="draw_as_radio">True</property>
                        <property name="group">radiomenuitem_file</property>
                      </object>
                    </child>
                    <child>
                      <object class="GtkRadioMenuItem" id="radiomenuitem_file_list">
                        <property name="visible">True</property>
                        <property name="can_focus">False</property>
                        <property name="label" translatable="yes">File _List</property>
                        <property name="use_underline">True</property>
                        <property name="draw_as_radio">True</property>
                        <property name="group">radiomenuitem_file</property>
                      </object>
                    </child>
                  </object>
                </child>
              </object>
            </child>
            <child>
              <object class="GtkMenuItem" id="menuitem_help">
                <property name="visible">True</property>
                <property name="can_focus">False</property>
                <property name="label" translatable="yes">_Help</property>
                <property name="use_underline">True</property>
                <child type="submenu">
                  <object class="GtkMenu" id="menu_help">
                    <property name="visible">True</property>
                    <property name="can_focus">False</property>
                    <child>
                      <object class="GtkImageMenuItem" id="menuitem_about">
                        <property name="label">gtk-about</property>
                        <property name="visible">True</property>
                        <property name="can_focus">False</property>
                        <property name="use_underline">True</property>
                        <property name="use_stock">True</property>
                        <property name="always_show_image">True</property>
                      </object>
                    </child>
                  </object>
                </child>
              </object>
            </child>
          </object>
          <packing>
            <property name="expand">False</property>
            <property name="fill">True</property>
            <property name="position">0</property>
          </packing>
        </child>
        <child>
          <object class="GtkToolbar" id="toolbar">
            <property name="can_focus">False</property>
            <property name="toolbar_style">both-horiz</property>
            <property name="icon_size">2</property>
            <child>
              <object class="GtkToolButton" id="toolbutton_add">
                <property name="visible">True</property>
                <property name="can_focus">False</property>
                <property name="is_important">True</property>
                <property name="stock_id">gtk-add</property>
              </object>
              <packing>
                <property name="expand">False</property>
                <property name="homogeneous">True</property>
              </packing>
            </child>
            <child>
              <object class="GtkToolButton" id="toolbutton_remove">
                <property name="visible">True</property>
                <property name="sensitive">False</property>
                <property name="can_focus">False</property>
                <property name="is_important">True</property>
                <property name="stock_id">gtk-remove</property>
              </object>
              <packing>
                <property name="expand">False</property>
                <property name="homogeneous">True</property>
              </packing>
            </child>
            <child>
              <object class="GtkToolButton" id="toolbutton_clear">
                <property name="visible">True</property>
                <property name="sensitive">False</property>
                <property name="can_focus">False</property>
                <property name="is_important">True</property>
                <property name="stock_id">gtk-clear</property>
              </object>
              <packing>
                <property name="expand">False</property>
                <property name="homogeneous">True</property>
              </packing>
            </child>
          </object>
          <packing>
            <property name="expand">False</property>
            <property name="fill">True</property>
            <property name="position">1</property>
          </packing>
        </child>
        <child>
          <object class="GtkBox" id="vbox_app">
            <property name="visible">True</property>
            <property name="can_focus">False</property>
            <property name="border_width">6</property>
            <property name="orientation">vertical</property>
            <child>
              <object class="GtkBox" id="vbox_single">
                <property name="visible">True</property>
                <property name="can_focus">False</property>
                <property name="orientation">vertical</property>
                <child>
                  <object class="GtkBox" id="hbox_input">
                    <property name="visible">True</property>
                    <property name="can_focus">False</property>
                    <property name="spacing">6</property>
                    <child>
                      <object class="GtkBox" id="vbox_inputlabels">
                        <property name="visible">True</property>
                        <property name="can_focus">False</property>
                        <property name="orientation">vertical</property>
                        <property name="spacing">3</property>
                        <property name="homogeneous">True</property>
                        <child>
                          <object class="GtkLabel" id="label_file">
                            <property name="visible">True</property>
                            <property name="can_focus">False</property>
                            <property name="halign">start</property>
                            <property name="label" translatable="yes">File:</property>
                          </object>
                          <packing>
                            <property name="expand">True</property>
                            <property name="fill">True</property>
                            <property name="position">0</property>
                          </packing>
                        </child>
                        <child>
                          <object class="GtkLabel" id="label_text">
                            <property name="visible">True</property>
                            <property name="can_focus">False</property>
                            <property name="halign">start</property>
                            <property name="label" translatable="yes">Text:</property>
                          </object>
                          <packing>
                            <property name="expand">True</property>
                            <property name="fill">True</property>
                            <property name="position">1</property>
                          </packing>
                        </child>
                        <child>
                          <object class="GtkLabel" id="label_check">
                            <property name="visible">True</property>
                            <property name="can_focus">False</property>
                            <property name="halign">start</property>
                            <property name="label" translatable="yes">Check:</property>
                          </object>
                          <packing>
                            <property name="expand">True</property>
                            <property name="fill">True</property>
                            <property name="position">2</property>
                          </packing>
                        </child>
                      </object>
                      <packing>
                        <property name="expand">False</property>
                        <property name="fill">True</property>
                        <property name="position">0</property>
                      </packing>
                    </child>
                    <child>
                      <object class="GtkBox" id="vbox_inputdata">
                        <property name="visible">True</property>
                        <property name="can_focus">False</property>
                        <property name="orientation">vertical</property>
                        <property name="spacing">3</property>
                        <property name="homogeneous">True</property>
                        <child>
                          <object class="GtkFileChooserButton" id="filechooserbutton">
                            <property name="visible">True</property>
                            <property name="can_focus">False</property>
                            <property name="focus_on_click">False</property>
                            <property name="local_only">False</property>
                          </object>
                          <packing>
                            <property name="expand">True</property>
                            <property name="fill">False</property>
                            <property name="position">0</property>
                          </packing>
                        </child>
                        <child>
                          <object class="GtkEntry" id="entry_text">
                            <property name="visible">True</property>
                            <property name="can_focus">True</property>
                          </object>
                          <packing>
                            <property name="expand">True</property>
                            <property name="fill">True</property>
                            <property name="position">1</property>
                          </packing>
                        </child>
                        <child>
                          <object class="GtkBox" id="hbox_check">
                            <property name="visible">True</property>
                            <property name="can_focus">False</property>
                            <property name="spacing">2</property>
                            <child>
                              <object class="GtkEntry" id="entry_check_file">
                                <property name="visible">True</property>
                                <property name="can_focus">True</property>
                                <property name="truncate_multiline">True</property>
                                <property name="primary_icon_stock">gtk-paste</property>
                                <property name="secondary_icon_activatable">False</property>
                                <property name="primary_icon_tooltip_text" translatable="yes">Paste digest from clipboard</property>
                                <style>
                                  <class name="monospace"/>
                                </style>
                              </object>
                              <packing>
                                <property name="expand">True</property>
                                <property name="fill">True</property>
                                <property name="position">0</property>
                              </packing>
                            </child>
                            <child>
                              <object class="GtkEntry" id="entry_check_text">
                                <property name="visible">True</property>
                                <property name="can_focus">True</property>
                                <property name="truncate_multiline">True</property>
                                <property name="primary_icon_stock">gtk-paste</property>
                                <property name="secondary_icon_activatable">False</property>
                                <property name="primary_icon_tooltip_text" translatable="yes">Paste digest from clipboard</property>
                                <style>
                                  <class name="monospace"/>
                                </style>
                              </object>
                              <packing>
                                <property name="expand">True</property>
                                <property name="fill">True</property>
                                <property name="position">1</property>
                              </packing>
                            </child>
                            <child>
                              <object class="GtkCheckButton" id="togglebutton_hmac_file">
                                <property name="label" translatable="yes">HMAC Key:</property>
                                <property name="visible">True</property>
                                <property name="can_focus">True</property>
                                <property name="receives_default">False</property>
                                <property name="draw_indicator">False</property>
                              </object>
                              <packing>
                                <property name="expand">False</property>
                                <property name="fill">True</property>
                                <property name="position">2</property>
                              </packing>
                            </child>
                            <child>
                              <object class="GtkEntry" id="entry_hmac_file">
                                <property name="visible">True</property>
                                <property name="can_focus">True</property>
                                <property name="visibility">False</property>
                                <property name="caps_lock_warning">False</property>
                              </object>
                              <packing>
                                <property name="expand">True</property>
                                <property name="fill">True</property>
                                <property name="position">3</property>
                              </packing>
                            </child>
                            <child>
                              <object class="GtkCheckButton" id="togglebutton_hmac_text">
                                <property name="label" translatable="yes">HMAC Key:</property>
                                <property name="visible">True</property>
                                <property name="can_focus">True</property>
                                <property name="receives_default">False</property>
                                <property name="draw_indicator">False</property>
                              </object>
                              <packing>
                                <property name="expand">False</property>
                                <property name="fill">True</property>
                                <property name="position">4</property>
                              </packing>
                            </child>
                            <child>
                              <object class="GtkEntry" id="entry_hmac_text">
                                <property name="visible">True</property>
                                <property name="can_focus">True</property>
                                <property name="visibility">False</property>
                                <property name="caps_lock_warning">False</property>
                              </object>
                              <packing>
                                <property name="expand">True</property>
                                <property name="fill">True</property>
                                <property name="position">5</property>
                              </packing>
                            </child>
                          </object>
                          <packing>
                            <property name="expand">True</property>
                            <property name="fill">True</property>
                            <property name="position">2</property>
                          </packing>
                        </child>
                      </object>
                      <packing>
                        <property name="expand">True</property>
                        <property name="fill">True</property>
                        <property name="position">1</property>
                      </packing>
                    </child>
                  </object>
                  <packing>
                    <property name="expand">False</property>
                    <property name="fill">True</property>
                    <property name="position">0</property>
                  </packing>
                </child>
                <child>
                  <object class="GtkSeparator" id="hseparator_single">
                    <property name="visible">True</property>
                    <property name="can_focus">False</property>
                  </object>
                  <packing>
                    <property name="expand">False</property>
                    <property name="fill">True</property>
                    <property name="padding">6</property>
                    <property name="position">1</property>
                  </packing>
                </child>
                <child>
                  <object class="GtkScrolledWindow" id="scrolledwindow_output">
                    <property name="visible">True</property>
                    <property name="can_focus">True</property>
                    <property name="hscrollbar_policy">never</property>
                    <property name="overlay_scrolling">False</property>
                    <child>
                      <object class="GtkViewport" id="viewport_output">
                        <property name="visible">True</property>
                        <property name="can_focus">False</property>
                        <property name="valign">start</property>
                        <property name="hscroll_policy">natural</property>
                        <property name="vscroll_policy">natural</property>
                        <property name="shadow_type">none</property>
                        <child>
                          <object class="GtkBox" id="hbox_output">
                            <property name="visible">True</property>
                            <property name="can_focus">False</property>
                            <property name="spacing">6</property>
                            <child>
                              <object class="GtkBox" id="vbox_outputlabels">
                                <property name="visible">True</property>
                                <property name="can_focus">False</property>
                                <property name="orientation">vertical</property>
                                <property name="spacing">3</property>
                                <property name="homogeneous">True</property>
                                <child>
                                  <placeholder/>
                                </child>
                              </object>
                              <packing>
                                <property name="expand">False</property>
                                <property name="fill">True</property>
                                <property name="position">0</property>
                              </packing>
                            </child>
                            <child>
                              <object class="GtkBox" id="vbox_digests_file">
                                <property name="visible">True</property>
                                <property name="can_focus">False</property>
                                <property name="orientation">vertical</property>
                                <property name="spacing">3</property>
                                <property name="homogeneous">True</property>
                                <child>
                                  <placeholder/>
                                </child>
                                <style>
                                  <class name="monospace"/>
                                </style>
                              </object>
                              <packing>
                                <property name="expand">True</property>
                                <property name="fill">True</property>
                                <property name="position">1</property>
                              </packing>
                            </child>
                            <child>
                              <object class="GtkBox" id="vbox_digests_text">
                                <property name="visible">True</property>
                                <property name="can_focus">False</property>
                                <property name="orientation">vertical</property>
                                <property name="spacing">3</property>
                                <property name="homogeneous">True</property>
                                <child>
                                  <placeholder/>
                                </child>
                                <style>
                                  <class name="monospace"/>
                                </style>
                              </object>
                              <packing>
                                <property name="expand">True</property>
                                <property name="fill">True</property>
                                <property name="position">2</property>
                              </packing>
                            </child>
                          </object>
                        </child>
                      </object>
                    </child>
                  </object>
                  <packing>
                    <property name="expand">True</property>
                    <property name="fill">True</property>
                    <property name="position">2</property>
                  </packing>
                </child>
              </object>
              <packing>
                <property name="expand">True</property>
                <property name="fill">True</property>
                <property name="position">0</property>
              </packing>
            </child>
            <child>
              <object class="GtkBox" id="vbox_list">
                <property name="visible">True</property>
                <property name="can_focus">False</property>
                <property name="orientation">vertical</property>
                <child>
                  <object class="GtkAlignment" id="alignment_list">
                    <property name="visible">True</property>
                    <property name="can_focus">False</property>
                    <property name="bottom_padding">6</property>
                    <child>
                      <object class="GtkScrolledWindow" id="scrolledwindow_list">
                        <property name="visible">True</property>
                        <property name="can_focus">True</property>
                        <property name="min_content_width">450</property>
                        <property name="min_content_height">150</property>
                        <property name="overlay_scrolling">False</property>
                        <child>
                          <object class="GtkTreeView" id="treeview">
                            <property name="visible">True</property>
                            <property name="can_focus">True</property>
                            <property name="rules_hint">True</property>
                            <property name="search_column">2</property>
                            <property name="show_expanders">False</property>
                            <property name="rubber_banding">True</property>
                            <property name="tooltip_column">3</property>
                            <child internal-child="selection">
                              <object class="GtkTreeSelection" id="treeselection">
                                <property name="mode">multiple</property>
                              </object>
                            </child>
                            <child>
                              <object class="GtkTreeViewColumn" id="treeviewcolumn_status">
                                <property name="visible">False</property>
                                <property name="clickable">True</property>
                                <property name="sort_indicator">True</property>
                                <property name="sort_column_id">1</property>
                                <child>
                                  <object class="GtkCellRendererPixbuf" id="cellrenderer_status"/>
                                  <attributes>
                                    <attribute name="icon-name">1</attribute>
                                  </attributes>
                                </child>
                              </object>
                            </child>
                            <child>
                              <object class="GtkTreeViewColumn" id="treeviewcolumn_icon_name">
                                <property name="visible">False</property>
                                <child>
                                  <object class="GtkCellRendererText" id="cellrenderer_icon_name"/>
                                  <attributes>
                                    <attribute name="text">1</attribute>
                                  </attributes>
                                </child>
                              </object>
                            </child>
                            <child>
                              <object class="GtkTreeViewColumn" id="treeviewcolumn_file">
                                <property name="resizable">True</property>
                                <property name="min_width">100</property>
                                <property name="title" translatable="yes">File</property>
                                <property name="clickable">True</property>
                                <property name="sort_indicator">True</property>
                                <property name="sort_column_id">2</property>
                                <child>
                                  <object class="GtkCellRendererText" id="cellrenderer_file"/>
                                  <attributes>
                                    <attribute name="text">2</attribute>
                                  </attributes>
                                </child>
                              </object>
                            </child>
                            <child>
                              <object class="GtkTreeViewColumn" id="treeviewcolumn_basename">
                                <property name="visible">False</property>
                                <child>
                                  <object class="GtkCellRendererText" id="cellrenderer_basename"/>
                                  <attributes>
                                    <attribute name="text">3</attribute>
                                  </attributes>
                                </child>
                              </object>
                            </child>
                            <child>
                              <object class="GtkTreeViewColumn" id="treeviewcolumn_check">
                                <property name="visible">False</property>
                                <child>
                                  <object class="GtkCellRendererText" id="cellrenderer_check"/>
                                  <attributes>
                                    <attribute name="text">4</attribute>
                                  </attributes>
                                </child>
                              </object>
                            </child>
                            <style>
                              <class name="monospace"/>
                            </style>
                          </object>
                        </child>
                      </object>
                    </child>
                  </object>
                  <packing>
                    <property name="expand">True</property>
                    <property name="fill">True</property>
                    <property name="position">0</property>
                  </packing>
                </child>
              </object>
              <packing>
                <property name="expand">True</property>
                <property name="fill">True</property>
                <property name="position">1</property>
              </packing>
            </child>
            <child>
              <object class="GtkBox" id="vbox_buttons">
                <property name="visible">True</property>
                <property name="can_focus">False</property>
                <property name="orientation">vertical</property>
                <child>
                  <object class="GtkSeparator" id="hseparator_buttons">
                    <property name="visible">True</property>
                    <property name="can_focus">False</property>
                  </object>
                  <packing>
                    <property name="expand">False</property>
                    <property name="fill">True</property>
                    <property name="padding">6</property>
                    <property name="position">0</property>
                  </packing>
                </child>
                <child>
                  <object class="GtkBox" id="hbox_buttons">
                    <property name="visible">True</property>
                    <property name="can_focus">False</property>
                    <property name="spacing">6</property>
                    <child>
                      <object class="GtkAlignment" id="alignment_progressbar">
                        <property name="visible">True</property>
                        <property name="can_focus">False</property>
                        <property name="yscale">0.5</property>
                        <child>
                          <object class="GtkProgressBar" id="progressbar">
                            <property name="can_focus">False</property>
                            <property name="show_text">True</property>
                            <property name="ellipsize">middle</property>
                          </object>
                        </child>
                      </object>
                      <packing>
                        <property name="expand">True</property>
                        <property name="fill">True</property>
                        <property name="position">0</property>
                      </packing>
                    </child>
                    <child>
                      <object class="GtkButtonBox" id="hbuttonbox">
                        <property name="visible">True</property>
                        <property name="can_focus">False</property>
                        <property name="spacing">6</property>
                        <property name="layout_style">end</property>
                        <child>
                          <object class="GtkButton" id="button_hash">
                            <property name="label" translatable="yes">Ha_sh</property>
                            <property name="visible">True</property>
                            <property name="sensitive">False</property>
                            <property name="can_focus">True</property>
                            <property name="can_default">True</property>
                            <property name="receives_default">True</property>
                            <property name="image">image_execute</property>
                            <property name="use_underline">True</property>
                            <property name="always_show_image">True</property>
                          </object>
                          <packing>
                            <property name="expand">False</property>
                            <property name="fill">False</property>
                            <property name="position">0</property>
                          </packing>
                        </child>
                        <child>
                          <object class="GtkButton" id="button_stop">
                            <property name="label">gtk-stop</property>
                            <property name="can_focus">True</property>
                            <property name="can_default">True</property>
                            <property name="receives_default">True</property>
                            <property name="use_stock">True</property>
                            <property name="always_show_image">True</property>
                          </object>
                          <packing>
                            <property name="expand">False</property>
                            <property name="fill">False</property>
                            <property name="position">1</property>
                          </packing>
                        </child>
                      </object>
                      <packing>
                        <property name="expand">False</property>
                        <property name="fill">True</property>
                        <property name="position">1</property>
                      </packing>
                    </child>
                  </object>
                  <packing>
                    <property name="expand">False</property>
                    <property name="fill">True</property>
                    <property name="position">1</property>
                  </packing>
                </child>
              </object>
              <packing>
                <property name="expand">False</property>
                <property name="fill">True</property>
                <property name="pack_type">end</property>
                <property name="position">2</property>
              </packing>
            </child>
          </object>
          <packing>
            <property name="expand">True</property>
            <property name="fill">True</property>
            <property name="position">2</property>
          </packing>
        </child>
      </object>
    </child>
  </object>
  <object class="GtkDialog" id="dialog">
    <property name="can_focus">False</property>
    <property name="border_width">6</property>
    <property name="title" translatable="yes">GtkHash Preferences</property>
    <property name="destroy_with_parent">True</property>
    <property name="type_hint">dialog</property>
    <property name="transient_for">window</property>
    <child type="titlebar">
      <placeholder/>
    </child>
    <child internal-child="vbox">
      <object class="GtkBox">
        <property name="visible">True</property>
        <property name="can_focus">False</property>
        <property name="orientation">vertical</property>
        <property name="spacing">6</property>
        <child internal-child="action_area">
          <object class="GtkButtonBox">
            <property name="visible">True</property>
            <property name="can_focus">False</property>
            <property name="layout_style">end</property>
            <child>
              <object class="GtkButton" id="dialog_button_close">
                <property name="label">gtk-close</property>
                <property name="visible">True</property>
                <property name="can_focus">True</property>
                <property name="can_default">True</property>
                <property name="receives_default">True</property>
                <property name="use_stock">True</property>
                <property name="always_show_image">True</property>
              </object>
              <packing>
                <property name="expand">False</property>
                <property name="fill">False</property>
                <property name="position">0</property>
              </packing>
            </child>
          </object>
          <packing>
            <property name="expand">True</property>
            <property name="fill">True</property>
            <property name="pack_type">end</property>
            <property name="position">0</property>
          </packing>
        </child>
        <child>
          <object class="GtkFrame">
            <property name="visible">True</property>
            <property name="can_focus">False</property>
            <property name="label_xalign">0</property>
            <child>
              <object class="GtkGrid" id="dialog_grid">
                <property name="visible">True</property>
                <property name="can_focus">False</property>
                <property name="row_homogeneous">True</property>
                <property name="column_homogeneous">True</property>
                <child>
                  <placeholder/>
                </child>
                <child>
                  <placeholder/>
                </child>
                <child>
                  <placeholder/>
                </child>
                <child>
                  <placeholder/>
                </child>
                <child>
                  <placeholder/>
                </child>
                <child>
                  <placeholder/>
                </child>
                <child>
                  <placeholder/>
                </child>
                <child>
                  <placeholder/>
                </child>
                <child>
                  <placeholder/>
                </child>
              </object>
            </child>
            <child type="label">
              <object class="GtkLabel">
                <property name="visible">True</property>
                <property name="can_focus">False</property>
                <property name="label" translatable="yes">Hash Functions</property>
                <attributes>
                  <attribute name="weight" value="bold"/>
                </attributes>
              </object>
            </child>
          </object>
          <packing>
            <property name="expand">False</property>
            <property name="fill">True</property>
            <property name="position">0</property>
          </packing>
        </child>
        <child>
          <object class="GtkFrame">
            <property name="visible">True</property>
            <property name="can_focus">False</property>
            <property name="label_xalign">0</property>
            <child>
              <object class="GtkCheckButton" id="dialog_togglebutton_show_hmac">
                <property name="label">HMAC</property>
                <property name="visible">True</property>
                <property name="can_focus">True</property>
                <property name="receives_default">False</property>
                <property name="draw_indicator">True</property>
              </object>
            </child>
            <child type="label">
              <object class="GtkLabel">
                <property name="visible">True</property>
                <property name="can_focus">False</property>
                <property name="label" translatable="yes">MAC Functions</property>
                <attributes>
                  <attribute name="weight" value="bold"/>
                </attributes>
              </object>
            </child>
          </object>
          <packing>
            <property name="expand">False</property>
            <property name="fill">True</property>
            <property name="position">1</property>
          </packing>
        </child>
        <child>
          <object class="GtkBox">
            <property name="visible">True</property>
            <property name="can_focus">False</property>
            <property name="spacing">6</property>
            <child>
              <object class="GtkLabel">
                <property name="visible">True</property>
                <property name="can_focus">False</property>
                <property name="label" translatable="yes">Digest Format:</property>
                <attributes>
                  <attribute name="weight" value="bold"/>
                </attributes>
              </object>
              <packing>
                <property name="expand">False</property>
                <property name="fill">True</property>
                <property name="position">0</property>
              </packing>
            </child>
            <child>
              <object class="GtkComboBox" id="dialog_combobox">
                <property name="visible">True</property>
                <property name="can_focus">False</property>
                <property name="model">dialog_liststore</property>
                <property name="active">0</property>
                <child>
                  <object class="GtkCellRendererText"/>
                  <attributes>
                    <attribute name="text">0</attribute>
                  </attributes>
                </child>
              </object>
              <packing>
                <property name="expand">True</property>
                <property name="fill">True</property>
                <property name="position">1</property>
              </packing>
            </child>
          </object>
          <packing>
            <property name="expand">False</property>
            <property name="fill">True</property>
            <property name="position">2</property>
          </packing>
        </child>
      </object>
    </child>
    <action-widgets>
      <action-widget response="0">dialog_button_close</action-widget>
    </action-widgets>
  </object>
</interface>
